"group","n","age_m","age_sd","age_se","age_min","age_max"
"Control",19,40.9473684210526,8.12727700887249,1.86452521935983,27,60
"Grappler",20,41.35,7.4922767251561,1.67532400636885,27,57
