"group","n","freq_m","freq_sd","freq_se","freq_min","freq_max"
"Control",19,4.26315789473684,1.28418176556808,0.294611502170994,2,6
"Grappler",20,5.3,1.21828179265546,0.27241609041279,3,7
